I-LAYER_TYPE,I-LAYER_#_INPUT_PERCEPTRONS,I-LAYER_ACTIVATION_FUNCTION,I-LAYER_CONVOLUTIONAL_STRIDE,I-LAYER_CONVOLUTIONAL_KERNELSIZE,I-LAYER_CONVOLUTIONAL_PADDING,I-LAYER_POOLING_TYPE,I-LAYER_POOLING_STRIDE,I-LAYER_POOLING_KERNELSIZE,I-LAYER_POOLING_PADDING,O-LAYER_TYPE,O-LAYER_#_INPUT_PERCEPTRONS,O-LAYER_ACTIVATION_FUNCTION,O-LAYER_CONVOLUTIONAL_STRIDE,O-LAYER_CONVOLUTIONAL_KERNELSIZE,O-LAYER_CONVOLUTIONAL_PADDING,O-LAYER_POOLING_TYPE,O-LAYER_POOLING_STRIDE,O-LAYER_POOLING_KERNELSIZE,O-LAYER_POOLING_PADDING
Conv2d,2,ReLU,1,1,1,None,None,None,None,Regular1d,2,SoftMax,None,None,None,None,None,None,None
Conv2d,2,ReLU,1,1,1,None,None,None,None,Regular1d,2,SoftMax,None,None,None,None,None,None,None
Conv2d,2,ReLU,1,1,1,None,None,None,None,Regular1d,2,SoftMax,None,None,None,None,None,None,None
Conv2d,2,ReLU,1,1,1,None,None,None,None,Regular1d,2,SoftMax,None,None,None,None,None,None,None
Conv2d,2,ReLU,1,1,1,None,None,None,None,Regular1d,2,SoftMax,None,None,None,None,None,None,None
Conv2d,2,ReLU,1,1,1,None,None,None,None,Regular1d,2,SoftMax,None,None,None,None,None,None,None
Conv2d,2,ReLU,1,1,1,None,None,None,None,Regular1d,2,SoftMax,None,None,None,None,None,None,None
Conv2d,2,ReLU,1,1,1,None,None,None,None,Regular1d,2,SoftMax,None,None,None,None,None,None,None
Conv2d,2,ReLU,1,1,1,None,None,None,None,Regular1d,2,SoftMax,None,None,None,None,None,None,None
Conv2d,2,ReLU,1,1,1,None,None,None,None,Regular1d,2,SoftMax,None,None,None,None,None,None,None
Conv2d,2,ReLU,1,1,1,None,None,None,None,Regular1d,2,SoftMax,None,None,None,None,None,None,None
Conv2d,2,ReLU,1,1,1,None,None,None,None,Regular1d,2,SoftMax,None,None,None,None,None,None,None
Conv2d,2,ReLU,1,1,1,None,None,None,None,Regular1d,2,SoftMax,None,None,None,None,None,None,None
Conv2d,2,ReLU,1,1,1,None,None,None,None,Regular1d,2,SoftMax,None,None,None,None,None,None,None
Conv2d,2,ReLU,1,1,1,None,None,None,None,Regular1d,2,SoftMax,None,None,None,None,None,None,None
Conv2d,2,ReLU,1,1,1,None,None,None,None,Regular1d,2,SoftMax,None,None,None,None,None,None,None
Conv2d,2,ReLU,1,1,1,None,None,None,None,Regular1d,2,SoftMax,None,None,None,None,None,None,None
Conv2d,2,ReLU,1,1,1,None,None,None,None,Regular1d,2,SoftMax,None,None,None,None,None,None,None
